,Title,Price,Categories,Image
0,Nipple Shield,R149.90,CLEARBLUE,https://www.babiesrus.co.za/media/catalog/product/cache/f1f6de05b7f74ffe86c1d44f4118e994/4/9/4902508168960_imageoutofpack.jpg
1,Seamless Drop Cup Bra XLarge White,R459.90,Carriwell,https://www.babiesrus.co.za/media/catalog/product/cache/f1f6de05b7f74ffe86c1d44f4118e994/6/0/6009625960434_imageoutofpack.png
2,Post Birth Reshape Pants Black Medium,R329.90,FEMAGENE,https://www.babiesrus.co.za/media/catalog/product/cache/f1f6de05b7f74ffe86c1d44f4118e994/6/0/6009625956512_image6lifestyle.png
3,Nursing Bottle And Nipple Brush,R89.90,MOM 2 B,https://www.babiesrus.co.za/media/catalog/product/cache/f1f6de05b7f74ffe86c1d44f4118e994/4/9/4902508045506_imageoutofpack.jpg
4,Maternity Support Band White Large,R209.90,Pigeon,https://www.babiesrus.co.za/static/version1637136379/frontend/Vaimo/babiesrus/en_US/images/placeholder.jpg
5,Preggy Roll - Assorted,R449.90,Snuggle Time,https://www.babiesrus.co.za/static/version1637136379/frontend/Vaimo/babiesrus/en_US/images/placeholder.jpg
6,Closer to Nature Breast Pads 50 pack,R89.90,Snuggletime,https://www.babiesrus.co.za/static/version1637136379/frontend/Vaimo/babiesrus/en_US/images/placeholder.jpg
7,Body Comfort Pillow,R579.90,Tommee Tippee,https://www.babiesrus.co.za/static/version1637136379/frontend/Vaimo/babiesrus/en_US/images/placeholder.jpg
8,Maternity Bra White Large,R299.90,-,https://www.babiesrus.co.za/static/version1637136379/frontend/Vaimo/babiesrus/en_US/images/placeholder.jpg
9,Mother And Baby Scale,R259.90,-,https://www.babiesrus.co.za/static/version1637136379/frontend/Vaimo/babiesrus/en_US/images/placeholder.jpg
10,Clearblue,R104.90,-,https://www.babiesrus.co.za/static/version1637136379/frontend/Vaimo/babiesrus/en_US/images/placeholder.jpg
11,Preggy Roll Cover,R199.90,-,https://www.babiesrus.co.za/static/version1637136379/frontend/Vaimo/babiesrus/en_US/images/placeholder.jpg
12,Seamless Padded Nursing Bra White Xlarge,R499.90,-,https://www.babiesrus.co.za/static/version1637136379/frontend/Vaimo/babiesrus/en_US/images/placeholder.jpg
13,SOFTOUCHTM PERISTALTIC PLUSTM TEAT SS 1pack,R79.90,-,https://www.babiesrus.co.za/static/version1637136379/frontend/Vaimo/babiesrus/en_US/images/placeholder.jpg
14,Newborn Sleep Therapy - Cot,R499.90,-,https://www.babiesrus.co.za/static/version1637136379/frontend/Vaimo/babiesrus/en_US/images/placeholder.jpg
15,Pregnancy Shake - 400 Gram,"Regular Price
R144.90




Special Price
R119.90",and above,https://www.babiesrus.co.za/static/version1637136379/frontend/Vaimo/babiesrus/en_US/images/placeholder.jpg
16,Premium Maternity and Hospital Panty XXL,R79.90,,https://www.babiesrus.co.za/static/version1637136379/frontend/Vaimo/babiesrus/en_US/images/placeholder.jpg
17,Honeycomb Breast Pads 60's + 12,R129.90,,https://www.babiesrus.co.za/static/version1637136379/frontend/Vaimo/babiesrus/en_US/images/placeholder.jpg
18,Maternity Hospital Panty S-XL,"Regular Price
R59.90




Special Price
R49.90",,https://www.babiesrus.co.za/static/version1637136379/frontend/Vaimo/babiesrus/en_US/images/placeholder.jpg
19,Newborn Sleep Therapy - Pram,R449.90,,https://www.babiesrus.co.za/static/version1637136379/frontend/Vaimo/babiesrus/en_US/images/placeholder.jpg
20,Softouch Peristaltic Plus Teat Large 2 pack,R149.90,,https://www.babiesrus.co.za/static/version1637136379/frontend/Vaimo/babiesrus/en_US/images/placeholder.jpg
21,Anti-Mosquito Patch,"Regular Price
R99.90




Special Price
R79.90",,https://www.babiesrus.co.za/static/version1637136379/frontend/Vaimo/babiesrus/en_US/images/placeholder.jpg
22,Bando Black I,R199.90,,https://www.babiesrus.co.za/static/version1637136379/frontend/Vaimo/babiesrus/en_US/images/placeholder.jpg
23,Cotton Balls,R49.90,,https://www.babiesrus.co.za/static/version1637136379/frontend/Vaimo/babiesrus/en_US/images/placeholder.jpg
24,Clearblue Ovulation stick,R299.90,,https://www.babiesrus.co.za/static/version1637136379/frontend/Vaimo/babiesrus/en_US/images/placeholder.jpg
25,Softouch Peristaltic Plus Little Prince Bottle 240 ml 2 pack,R269.90,,https://www.babiesrus.co.za/static/version1637136379/frontend/Vaimo/babiesrus/en_US/images/placeholder.jpg
26,Pregnancy shake - 400 Gram,"Regular Price
R144.90




Special Price
R119.90",,https://www.babiesrus.co.za/static/version1637136379/frontend/Vaimo/babiesrus/en_US/images/placeholder.jpg
27,Maternity Bra White Medium,R299.90,,https://www.babiesrus.co.za/static/version1637136379/frontend/Vaimo/babiesrus/en_US/images/placeholder.jpg
28,Maternity Support Belt Black S/M,R279.90,,https://www.babiesrus.co.za/static/version1637136379/frontend/Vaimo/babiesrus/en_US/images/placeholder.jpg
29,Nipple Puller,R119.90,,https://www.babiesrus.co.za/static/version1637136379/frontend/Vaimo/babiesrus/en_US/images/placeholder.jpg
30,Lace Feeding Bra Medium White,"Regular Price
R259.90




Special Price
R199.90",,https://www.babiesrus.co.za/static/version1637136379/frontend/Vaimo/babiesrus/en_US/images/placeholder.jpg
31,Anti Mosquito Lotion 50g,"Regular Price
R79.90




Special Price
R69.90",,https://www.babiesrus.co.za/static/version1637136379/frontend/Vaimo/babiesrus/en_US/images/placeholder.jpg
32,Cotton Buds 100pcs,R24.90,,https://www.babiesrus.co.za/static/version1637136379/frontend/Vaimo/babiesrus/en_US/images/placeholder.jpg
33,Seamless Padded Nursing Bra Black Large,R499.90,,https://www.babiesrus.co.za/static/version1637136379/frontend/Vaimo/babiesrus/en_US/images/placeholder.jpg
34,BABY WASH 2 IN 1 700ml,R199.90,,https://www.babiesrus.co.za/static/version1637136379/frontend/Vaimo/babiesrus/en_US/images/placeholder.jpg
35,Pregnancy shake 400g,"Regular Price
R144.90




Special Price
R119.90",,https://www.babiesrus.co.za/static/version1637136379/frontend/Vaimo/babiesrus/en_US/images/placeholder.jpg
36,Lace Feeding Bra Medium Black,"Regular Price
R259.90




Special Price
R199.90",,https://www.babiesrus.co.za/static/version1637136379/frontend/Vaimo/babiesrus/en_US/images/placeholder.jpg
37,Nipple Care Cream 50g,R219.90,,https://www.babiesrus.co.za/static/version1637136379/frontend/Vaimo/babiesrus/en_US/images/placeholder.jpg
38,Intimate refreshing wipes 6x10,R34.90,,https://www.babiesrus.co.za/static/version1637136379/frontend/Vaimo/babiesrus/en_US/images/placeholder.jpg
39,TWIN PACK â€“SOFTOUCHTM PERISTALTIC PLUSTM 160ML PP,R259.90,,https://www.babiesrus.co.za/static/version1637136379/frontend/Vaimo/babiesrus/en_US/images/placeholder.jpg
